{
  "swagger": "2.0",
  "info": {
    "title": "Umee SDK - gRPC Gateway docs",
    "description": "A REST interface for state queries",
    "version": "1.0.0"
  },
  "apis": [
    {
      "url": "./tmp-swagger-gen/umee/leverage/v1/query.swagger.json",
      "operationIds": {
        "rename": {
          "Params": "LeverageParams"
        }
      }
    },
    {
      "url": "./tmp-swagger-gen/umee/oracle/v1/query.swagger.json",
      "operationIds": {
        "rename": {
          "Params": "OracleParams"
        }
      }
    },
    {
      "url": "./tmp-swagger-gen/umee/uibc/v1/query.swagger.json",
      "operationIds": {
        "rename": {
          "Params": "UIBCParams"
        }
      }
    },
    {
      "url": "./tmp-swagger-gen/umee/ugov/v1/query.swagger.json",
      "operationIds": {
        "rename": {
          "Params": "UGovParams"
        }
      }
    },
    {
      "url": "./tmp-swagger-gen/umee/incentive/v1/query.swagger.json",
      "operationIds": {
        "rename": {
          "Params": "IncentiveParams"
        }
      }
    }
  ]
}